{"cameraMode":{"drawMode":0,"name":"Shaded","section":"Shading Mode"},"sceneLighting":true,"audioPlay":false,"sceneViewState":{"showFog":true,"showMaterialUpdate":false,"showSkybox":true,"showFlares":true,"showImageEffects":true,"showParticleSystems":true},"in2DMode":false,"pivot":{"x":15.45812702178955,"y":-9.2453031539917,"z":0.10798287391662598},"rotation":{"x":-0.00039411484613083303,"y":-0.9988869428634644,"z":0.04679188132286072,"w":-0.008384724147617817},"size":3.094149589538574,"orthographic":false}